v16.webp,125.44031944444444,196.51950833333333,77.03105833333333
96.jpg,223.65621666666667,102.95005,78.95199166666667
r8.jpg,222.49216666666666,192.9939361111111,222.79485
85.jpg,197.74682222222222,145.5602722222222,79.52713333333334
51.jpg,185.57553611111112,130.70843333333335,77.4103361111111
j11.jpg,233.93705833333334,157.17813611111112,55.72400277777778
94.jpg,173.11945277777778,57.11313333333333,24.258197222222222
3.jpg,144.48864444444445,76.04952222222222,40.57551388888889
91.jpg,101.06505,93.14687222222223,84.53489166666667
53.jpg,7.562936111111111,20.155827777777777,26.803066666666666
44.jpg,92.88008888888889,103.89336388888889,97.58620277777777
j12.jpg,191.4637,156.22314444444444,79.35953888888889
35.jpg,23.711861111111112,34.53088888888889,31.574033333333333
b14.jpg,123.18047222222222,170.05190833333333,208.75224444444444
19.jpg,104.66891944444444,80.46191666666667,45.64044166666667
b5.jpg,156.54492222222223,199.89116666666666,208.02030277777777
95.jpg,213.76821388888888,79.48193611111111,45.990097222222225
j6.jpg,220.52713888888889,179.42684166666666,91.42615833333333
72.jpg,84.15400277777778,89.66024444444444,119.07361944444445
69.jpg,126.84820833333333,76.00545833333334,61.933825
j3.jpg,227.17624166666667,192.05360277777777,89.87996944444444
b3.jpg,27.187569444444446,40.54609444444444,68.71980555555555
1.jpg,132.4253611111111,86.546175,45.117216666666664
14.jpg,101.86883055555556,123.77974722222223,92.49416666666667
61.jpg,107.26465555555555,122.39229166666667,103.305225
p5.jpg,152.94553055555556,125.30491111111111,158.21670277777778
p1.jpg,138.75848055555556,51.59670833333333,186.09939444444444
5.jpg,130.50551944444445,99.03186388888889,119.53930555555556
o4.jpg,179.67980277777778,70.25777777777778,33.98638888888889
v10.jpg,111.6703611111111,146.246,65.59995833333333
j5.jpg,212.31416666666667,168.1472777777778,9.630591666666668
87.jpg,126.6402138888889,164.9695111111111,193.111425
58.jpg,17.03582777777778,25.237975,53.39455
r7.jpg,193.1797,136.0257388888889,128.38306944444443
7.jpg,105.60739722222222,105.2953888888889,68.04469722222223
o1.jpg,166.36579722222223,89.80711666666667,46.75516388888889
56.jpg,69.09446944444444,56.068441666666665,40.48993055555555
50.jpg,118.52270555555556,72.81848333333333,30.808841666666666
27.jpg,163.93337777777776,141.2353611111111,128.9701388888889
b13.jpg,161.47421944444446,179.07330555555555,229.78919444444443
v1.jpg,61.777966666666664,61.41128055555556,15.888005555555555
r2.jpg,139.38846666666666,76.05918888888888,82.34430277777778
47.jpg,73.11112222222222,93.33455833333333,100.48135833333333
21.jpg,166.06140555555555,155.360575,141.93503055555556
r12.jpg,176.53477222222222,18.697683333333334,98.08051388888889
b16.jpg,43.25109166666667,105.0695361111111,171.25515833333333
80.jpg,9.159738888888889,129.72981666666666,180.4604361111111
92.jpg,149.21037222222222,97.9532,46.143366666666665
10.jpg,153.10331944444445,142.141775,115.48293333333334
o5.jpg,176.10144722222222,80.57687777777778,53.518075
49.jpg,51.90811388888889,80.66513888888889,106.6178861111111
67.jpg,132.58874166666666,115.97865833333333,83.84558611111112
24.jpg,69.90098888888889,69.47392777777777,57.40756666666667
r6.jpg,220.15391666666667,161.337775,203.16600277777778
b4.jpg,22.992402777777777,61.82231111111111,68.37058055555555
b18.jpg,203.7374388888889,243.878025,250.77740555555556
v14.jpg,174.2530111111111,207.054175,103.86757222222222
ro1.jpg,140.23696388888888,15.26265,18.430030555555554
8.jpg,92.04585833333333,94.4229,90.30305277777778
66.jpg,71.865275,89.24304444444445,94.89504444444445
j9.jpg,203.49072222222222,160.24583055555556,42.682005555555556
82.jpg,81.95241388888888,86.50534444444445,65.35869444444444
36.jpg,137.24520555555554,173.10415555555556,182.00503055555555
j7.jpg,207.69642777777779,193.22718055555555,19.6395
r11.jpg,242.49130277777778,97.08185,184.12810555555555
r1.jpg,144.24145277777777,83.34860277777777,122.675375
32.jpg,100.13251944444444,74.12086111111111,42.17915833333333
57.jpg,139.19021666666666,102.81065833333334,59.65741944444444
v11.jpg,55.75824444444444,84.11256388888889,23.706855555555556
74.webp,161.98333333333332,124.87866666666666,68.06968333333333
r3.jpg,73.56802222222223,30.324358333333333,51.17093055555556
b15.jpg,37.56355277777778,143.55060277777778,184.83738055555557
b2.jpg,87.05578055555556,175.48855277777778,193.01450833333334
55.jpg,83.35085277777777,53.35906111111111,27.277116666666668
30.jpg,100.07485277777778,83.88848888888889,73.46993888888889
65.jpg,143.7905111111111,133.02785,133.00197777777777
40.jpg,139.38846666666666,76.05918888888888,82.34430277777778
28.jpg,13.542938888888889,60.84111111111111,126.55194166666666
20.jpg,99.96220555555556,137.0506472222222,156.1939111111111
p99.jpg,200.9713111111111,93.57854166666667,139.85543055555556
42.jpg,106.94533333333334,114.64430833333333,120.67055
j4.jpg,208.5457861111111,188.24110277777777,70.6186
75.jpg,105.96374722222222,100.57449722222222,72.72548333333333
63.jpg,105.04745833333334,156.0952,177.26100833333334
j1.jpg,233.53653055555554,199.25689444444444,17.638466666666666
31.jpg,96.75546388888888,80.47019444444445,38.322202777777775
11.jpg,105.82548333333334,92.79264444444445,143.75604722222224
90.jpg,107.39714166666667,133.133575,153.94165833333332
86.jpg,104.09845555555556,100.79810277777777,76.37549444444444
b6.jpg,80.78240833333334,133.28889444444445,138.92640277777778
26.jpg,119.91707777777778,104.478175,54.098261111111114
v13.webp,204.69860277777778,240.32499444444446,110.16845
62.jpg,154.49345833333334,96.7264111111111,53.06097777777778
41.jpg,130.72889444444445,137.75949444444444,104.36165277777778
6.jpg,232.96373333333332,237.4363888888889,244.89237777777777
12.jpg,111.1025361111111,110.518125,111.54926111111111
g4.jpg,241.8082861111111,242.13054444444444,244.29883055555555
p7.jpg,184.29103333333333,133.37148888888888,207.77122222222224
98.jpg,242.26117222222223,187.57545277777777,198.20051388888888
r10.jpg,193.77403055555556,96.5184388888889,133.73229444444445
22.jpg,79.71724166666667,70.9580888888889,54.27550277777778
9.jpg,69.60104722222222,66.80630555555555,62.16645
v5.jpg,96.75546388888888,80.47019444444445,38.322202777777775
p8.jpg,169.72436666666667,114.08683333333333,196.60425833333332
4.jpg,120.31959166666667,121.08368888888889,114.6808861111111
p9.webp,40.77798888888889,59.090891666666664,105.07853888888889
v15.jpg,191.23195,208.30183333333332,109.74266388888888
ro4.jpg,207.19651666666667,91.41752777777778,82.94681111111112
93.jpg,177.67020555555555,90.17535277777777,66.58295833333334
52.jpg,162.54595277777779,117.14016388888889,123.16401944444445
15.jpg,104.02344722222222,121.416625,112.59295
g3.jpg,217.2566888888889,222.82031388888888,225.45774166666666
ro2.jpg,179.7043,33.63800277777778,7.511236111111111
89.jpg,100.7141861111111,98.07950555555556,104.82849722222223
79.jpg,147.3146888888889,120.30805,82.83369166666667
100.jpg,218.85824166666666,161.8352972222222,172.7068361111111
p2.jpg,130.50551944444445,99.03186388888889,119.53930555555556
b22.jpg,35.15351111111111,97.19100277777778,135.57236944444443
v9.jpg,66.105475,129.81264444444443,35.89595833333333
13.jpg,115.04629444444444,68.13326666666667,37.0068
b17.jpg,51.59791666666667,154.40831666666668,176.480625
33.jpg,153.38650277777776,119.45189166666667,93.68881111111111
o2.jpg,177.586675,137.47089166666666,93.84254722222222
45.jpg,210.43714166666666,213.75875555555555,217.70225277777777
b11.jpg,126.6402138888889,164.9695111111111,193.111425
73.jpg,93.47842777777778,128.79686944444444,168.49820833333334
43.jpg,52.396877777777775,110.78803888888889,122.45560555555555
g2.jpg,120.31959166666667,121.08368888888889,114.6808861111111
v3.jpg,161.56345833333333,161.0119,63.883575
b1.jpg,27.334994444444444,81.33251666666666,99.42048888888888
76.jpg,57.77852222222222,59.855758333333334,44.37695
r9.jpg,214.75749166666665,172.548025,190.43976388888888
v8.jpg,130.72889444444445,137.75949444444444,104.36165277777778
ro3.jpg,159.76638055555554,49.23282777777778,42.831475
b12.jpg,126.776975,196.6905111111111,238.20800555555556
p4.jpg,102.6307,51.34766388888889,109.38646388888888
83.jpg,58.77148888888889,97.97818055555555,108.81032777777777
70.jpg,115.09884444444444,116.57897777777778,91.31200277777778
38.jpg,161.56345833333333,161.0119,63.883575
29.jpg,83.94879166666666,80.47480277777778,37.058502777777775
60.jpg,119.46151944444445,79.07103055555555,46.67926666666666
v7.jpg,4.920166666666667,66.27804166666667,51.80060833333334
99.jpg,157.17305277777777,104.21211944444444,133.63139166666667
48.jpg,31.255216666666666,37.975052777777776,36.5174
78.jpg,113.79058055555555,91.32083888888889,52.808058333333335
g1.jpg,150.49029444444446,158.09865,164.00026111111112
59.jpg,135.44225277777778,97.77374444444445,48.94765833333334
97.jpg,189.08581666666666,134.11460833333334,157.3956638888889
o6.jpg,122.1791638888889,60.62133333333333,59.82455
j2.jpg,218.68305555555557,193.4464,110.89658888888889
71.jpg,130.14146944444445,110.84126944444445,112.9443111111111
39.jpg,72.67564722222222,128.1272361111111,162.8384
111.jpg,107.62678888888888,75.33615833333333,37.81791666666667
v4.jpg,105.60739722222222,105.2953888888889,68.04469722222223
16.jpg,128.07104444444445,108.47371111111111,113.64062777777778
84.jpg,159.91236388888888,180.0811361111111,187.15700833333332
be1.jpg,229.08671944444444,205.15202222222223,178.11888055555556
18.jpg,73.10400833333334,48.633041666666664,61.58475277777778
64.jpg,94.49364722222222,107.388125,104.379975
2.jpg,111.47601944444445,86.74863055555555,74.85860277777778
88.jpg,112.69254444444445,113.7290388888889,99.37156388888889
37.jpg,87.037925,119.30956111111111,148.55800833333333
p3.webp,104.62642222222222,85.85358611111111,148.3381222222222
77.jpg,150.49029444444446,158.09865,164.00026111111112
v6.jpg,104.02344722222222,121.416625,112.59295
46.jpg,223.45686666666666,221.60399444444445,229.0582638888889
54.jpg,109.55658055555556,102.64581666666666,75.24301666666666
v12.jpg,111.6703611111111,146.246,65.59995833333333
r4.jpg,147.69458333333333,62.44678611111111,113.950375